{
  "P0": 0.238869518376203,
  "r": 0.605969376538574,
  "K": 7.42124709518756,
  "s1": 0.829059955714477,
  "a1": 0.672323114911714,
  "b1": 0.14400252592506,
  "c1": 3.48982989034267,
  "s2": 0.288279360203479,
  "a2": 0.214259825441274,
  "c2": -0.0694521886995468,
  "eta": [-0.612463337709225, 0.404498130521574, -0.246075169837573, 0.226346967183327, 0.499816547967084, 0.233514800967917, 0.188025996388947, 0.85174547690905, -0.517730758948548, 0.664061049747352, -0.29714355466016, 0.805642291282703, -0.556336913968535, -0.730091489695938, 0.366077988982689, -0.805169716067058, 0.166033681174819, 0.380428078189088, -0.926834774436894, 0.39557578462821, -0.640870196330346, -0.389938669198621, 0.719171139147871, -0.117414771469691, 0.306098570551769, -0.729235316551748, 0.121384533945735, -0.158696055722566, 0.429686666161373, 0.672077535510894, 0.157778597764447, 1.02272242906153, -0.0912352670801212, -0.741969117271602, 0.198582816866672, 0.784828777010546, 0.635116480806495, -0.435721672694715, 0.180441630357444, 0.457943765890928, 0.287259066201373, -0.242702012736701, 0.00787133621730324, 0.507107341107539, 0.029074627649992, 1.1341477440475, 0.35432659380773, 0.786239392450795, 0.443601148626378, -0.705834569719465, 0.401887563961752, -0.276190197558404, 0.212869149238104, -0.38523732137365, -0.314293409234906, -0.00919482396700458, -0.329987062795948, -0.255214331208237, 0.323185212802216, -0.232985809698826, 0.687730153050156, 0.598799782773186, -0.308164890198295, -0.519473131729471, 0.199774743289351, 0.110290435147382, 0.198645544605691, 0.0135148504303257, 0.617036440478242, 0.0153044276135404, -0.681957046185583, 0.452476881901788, -1.03471415277163, 0.106394189849347, 0.062011368755248, 0.0267654142009561, 0.16502587608757, 0.83246648072142, -0.152134685771855, -0.705912022591155, 0.710718740811311, -0.3263723417893, -0.835835454959998, -0.436230664352361, 0.419611250739817, -0.584001944987467, 0.543699822684829, 0.429586985421719, -0.0526752680822779, -0.0818397355541812, -0.210834172120709, 0.0931611268384178, 1.7068800419935, -0.0599870182137573, -0.301037220178711, -0.0125720777493888, -0.44921815057947, -0.17424998588646],
  "max_cov": 1.01792806671368,
  "rate": 0.102260653323111
}
