{
  "P0": 1.00544431742862,
  "r": 0.107798273210737,
  "K": 14.3093307417462,
  "s1": 0.265625472439545,
  "a1": 0.736959397803666,
  "b1": 0.502077612983497,
  "c1": 0.631812948434224,
  "s2": 0.0317493838685752,
  "a2": 0.286691895578625,
  "c2": -0.151440138037213,
  "eta": [-0.251169419045902, -0.639100138068214, -0.290843591793638, -0.199975995544471, 0.339383786308531, -0.0676401287992047, 0.164294248044258, 0.653568302244634, 0.803051524109352, -0.0238099805807734, 0.940394539914861, 0.0849280687272298, 0.234516558984378, -0.347690809804299, 0.270606329381852, -0.743718669619464, 1.31899709934398, 0.0349952975407878, -0.690842449579466, 0.168106289135718, -0.129573396494503, 0.259701078342345, 0.23685676242819, 0.386158646825955, 0.509983034428547, 0.330452425371257, -0.16427112315781, -0.250092375412469, -0.452276086432484, -0.0787992380453528, -0.637304805327616, -0.185900077020487, -0.0154474502194512, 0.401027577846145, -0.187755882706078, -0.403211386624903, -0.21855931789782, -0.59480984477235, 0.591966454227258, -0.493164037975539, -0.494107584489337, 1.3893636255786, 0.160695241118206, -0.348403068035775, 0.459085648972969, -0.782830926329833, 0.370959263736876, -0.760358644100299, 0.126723352987992, -0.00235698351593407, 0.0461586269104172, 0.110589550234592, -0.91949894522917, -0.365544665937914, -0.117890653661375, 0.989677068270492, -0.215912400082839, -0.453222468038458, -0.260491567234961, 0.885520856932411, 0.955442863120077, -0.560263748175584, -0.348934384834437, 0.100216047703843, -0.801815827774684, 0.607097964395914, -1.32271395014239, 0.266257413008724, -0.102530525340892, -0.779372161025479, -0.882903787640608, -0.0175841211725837, 0.195758351320255, -0.72309964028729, 0.640740718800198, 0.318000377067355, -0.479553483158417, 0.103793294738161, 0.00862170326593199, -0.232576871941416, 0.423523740907499, 0.34964756498322, 0.289170741766334, -0.589245475128869, -0.784641420623577, -0.292403378728771, -0.534605542117856, 0.0545742202661837, 0.272142506626118, -0.196155753298463, -0.761504385421759, 0.604305246001386, 0.562992616051713, 0.30328604267804, -0.65519731542873, -0.181324480010856, 0.022677352999796, -0.169647553739428],
  "max_cov": 5.77444634005034,
  "rate": 0.08630754382314
}
