{
  "P0": 0.697748008710009,
  "r": 0.588068791447667,
  "K": 11.7093857482359,
  "s1": 0.229577313566872,
  "a1": 0.432074667411628,
  "b1": 0.549213864502504,
  "c1": 0.696734117169479,
  "s2": 1.20600586256901,
  "a2": 0.481170437155236,
  "c2": -0.47734913584556,
  "eta": [0.475291547414256, 0.113590988151225, 0.719269909490104, -0.0607001433605578, -0.353098032994094, -0.35692671980002, 0.0456051470540488, -0.168602475446875, -0.227557333258832, -0.414444129367234, 0.115864994371176, -0.473572152351344, 0.523983056955283, -0.844864995476425, 0.859038808836178, 0.278954779064412, -0.409766487446839, 0.154412796282672, 0.227132137462146, -0.380491177705071, -0.295988398324507, 0.655192337724314, 0.661203414485587, -0.0761688104216626, 0.14119484034542, -0.135628781355916, -0.994330638973043, 8.10038471907017e-05, -0.626399502263157, 0.445059631701088, 0.258915751039145, 0.097048881413892, 0.5730981282439, -0.665465322181928, -0.470732841189429, 0.00438599506448846, -0.378379311107603, -0.407110716525105, 0.78362379919869, 0.0781548113310067, 0.705823440942139, 0.452746138514668, -0.485756428187171, 0.0353920106662276, -0.0927755139373884, 0.316480566616413, 0.578748356891271, 0.692494677833972, 0.711587651774097, -0.0163079124768673, -0.181740428090649, -1.3270127000983, 0.505640667864995, 0.495502924949057, -0.242192227904056, 0.85203402551715, 0.786062826403331, -0.0674256387208127, -0.158431434791165, 0.521895534341458, 0.694518358366907, -0.208807548660734, 0.466331241887018, -0.461757451890622, -0.120049415591735, 0.56527373832451, 0.674587245017912, -0.124004780806668, -0.457613686413602, -0.579409582749186, 0.468200183583, -0.754490164336662, 0.761430563948153, -0.419887216380599, -0.242463589864729, 0.418255885002463, -0.329083588223458, 0.309379090245095, 0.48071016543122, -0.505454883865295, 0.581334048086036, 0.0732066206968443, 0.0126552151852366, 0.847070696684183, -0.594094756623005, -0.286353099844385, 0.294686608627724, 0.268233943234558, 0.352223684182559, 0.266890077591677, 0.43229217564093, -0.905941391225769, -0.691536020923296, 0.818077619296397, -0.70548547931191, -0.394116383921274, -0.0995610380302233, 0.330309859717176],
  "max_cov": 2.1753170078296,
  "rate": 0.220785909914863
}
