{
  "P0": 0.257228734981834,
  "r": 0.487536337623801,
  "K": 13.8868372494296,
  "s1": 0.920425399587957,
  "a1": 0.743722609752176,
  "b1": 0.553089079285403,
  "c1": 1.13621606525336,
  "s2": 2.01308625601207,
  "a2": 0.3823621685683,
  "c2": 0.867785475506026,
  "eta": [0.513230968572171, 0.343109609908479, -0.221217563324093, 0.360335737717329, -0.757433638362389, -1.11381979394228, 0.598904567769773, -0.674509575785416, -0.179691203424866, -0.0294152323041963, 0.181015562761447, 0.472733877545802, 0.73407331394541, -0.0773577123288237, -0.140732953135095, 0.385164269882435, -0.00200162870101659, 1.09676267777361, 0.503338951189877, -0.335903929929018, -0.595457653124762, -0.376137011134972, 0.257071540076753, -0.499589044171142, -0.230812067837317, 0.143136746194003, 0.398537751845389, 0.311883387487033, -0.00996301723540961, 0.625235995706258, 0.621301514925918, 0.10599557030601, 0.763711990729243, -0.299331293794415, 0.745995556257635, -0.365631824822134, 0.879914782034719, -0.0906411336083619, -0.441421927496773, 0.0497067372950879, -0.477861293615847, -0.298251055360498, -0.748235254828143, 0.546142598372533, 0.143807322000654, 0.249754720991482, 0.34213159589714, 0.313029968290185, 0.195718932043248, -0.31059861982818, 0.50903710059486, -0.397971416045062, 1.16883076526336, -0.161849664496153, -0.19540894100897, -0.0359263415084521, 0.131941008344268, -0.794209708649775, 0.786348352272282, 0.227258641693675, 0.22139239131091, 0.130503433462301, 0.394653160733068, -0.203265850624231, 0.683990718231788, -1.17531820088426, 0.541557617582214, 0.0646377339034539, -0.602318504428765, 0.0792523562997304, -1.24869485456903, -0.254362776603987, 0.236522882020138, -0.104393311650896, 0.156211437625693, 0.416557004119056, -0.0680330863706789, 0.19305500435625, 0.164947438771251, 0.293332056592275, -0.18625897852719, 0.0166005199285015, 0.455210628570151, -0.414331877622697, -0.100036192341904, -0.123942600352844, -0.61758459778196, -0.0122090792673061, -0.870354171547585, 0.47835448439208, 0.261244305793723, 0.118146029362967, 0.178452306052611, -0.778169901711383, -0.503938662392237, 0.199759633431232, -0.370974362154561, 0.255188886306197],
  "max_cov": 0.0849159322685748,
  "rate": 0.102636033382087
}
